date,headline,summary,sentiment
2025-05-04,What is a P/E ratio? How to use it to assess investments,"The article explains what a P/E ratio is and how it can be used to evaluate investments, providing a valuable tool for investors to make informed decisions.",neutral
2025-05-04,Is Pfizer Inc. (PFE) The Most Profitable Cheap Stock to Buy Now?,The article discusses the potential profitability of investing in Pfizer Inc. as a cheap stock option. It concludes that Pfizer Inc. may be a good investment opportunity based on its current valuation and growth prospects.,bullish
2025-05-04,Is Wells Fargo & Company (WFC) The Most Profitable Cheap Stock to Buy Now?,The article discusses whether Wells Fargo & Company is a profitable cheap stock to buy at the moment. It concludes that WFC may be a good investment opportunity due to its potential for profitability.,bullish
2025-05-04,Is Johnson & Johnson (JNJ) The Most Profitable Cheap Stock to Buy Now?,The article discusses whether Johnson & Johnson (JNJ) is a profitable cheap stock to buy currently. It concludes that JNJ is indeed a good investment option due to its strong profitability and low stock price.,bullish
2025-05-04,Is Citigroup Inc. (C) The Most Profitable Cheap Stock to Buy Now?,The article discusses the potential profitability of Citigroup Inc. as a cheap stock to buy currently.,neutral
2025-05-04,Is Exxon Mobil Corporation (XOM) The Most Profitable Cheap Stock to Buy Now?,The article discusses whether Exxon Mobil Corporation is a profitable cheap stock to buy currently. The conclusion is that it is a potential investment opportunity due to its profitability and low stock price.,bullish
2025-05-04,Is Alibaba Group Holding Limited (BABA) The Most Profitable Cheap Stock to Buy Now?,"The article discusses whether Alibaba Group Holding Limited (BABA) is a profitable cheap stock to buy currently. It concludes that based on the company's financial performance and growth potential, it may be a good investment opportunity.",bullish
2025-05-04,"The Smartest Growth ETF to Buy With $2,000 Right Now","The article discusses the best growth ETF to invest $2,000 in currently. It concludes that the chosen ETF has the most potential for growth based on its performance and market analysis.",bullish
2025-05-04,Is Bank of America Corporation (BAC) The Most Profitable Cheap Stock to Buy Now?,The article discusses whether Bank of America Corporation (BAC) is a profitable cheap stock to purchase currently. It concludes that BAC is indeed a profitable investment option based on its financial performance and valuation.,bullish
2025-05-04,Is JPMorgan Chase & Co. (JPM) The Most Profitable Cheap Stock to Buy Now?,The article discusses whether JPMorgan Chase & Co. is a profitable cheap stock to buy currently. It concludes that JPMorgan Chase & Co. is indeed a good investment option based on its financial performance and valuation.,bullish
2025-05-04,Warren Buffett Owns Chevron and Occidental. Should You Buy This Energy Giant Instead?,The article discusses Warren Buffett's ownership of Chevron and Occidental and questions if investors should consider buying another energy giant. The conclusion is that investors should consider buying the other energy giant instead.,neutral
2025-05-04,"‘Sell in May, go away': Why Wall Street isn't buying it this year","The article discusses the traditional advice to ""Sell in May, go away"" and why Wall Street is not following it this year. Despite historical trends, Wall Street is staying invested due to positive market conditions.",bullish
2025-05-04,How the stock market made back all its losses after Trump escalated the trade war,The article discusses how the stock market recovered all losses incurred after Trump escalated the trade war. It attributes the market's rebound to positive economic indicators and investor optimism.,bullish
2025-05-04,"Buffett's Berkshire departure, Fed decision, and another rush of earnings: What to know this week","The article discusses Warren Buffett's departure from Berkshire Hathaway, the upcoming Federal Reserve decision, and the influx of earnings reports expected this week.",neutral
2025-05-04,5 Severe Market Crashes Have Occurred Over the Past 150 Years: Here's 1 Lesson to Learn From Them All,The article discusses five severe market crashes that have happened in the past 150 years and highlights a lesson to learn from all of them.,neutral
2025-05-04,Gen Z women are being sold a risky dream: the realities behind ‘investing’ in designer bags like the Hermès Birkin,"The article discusses the risks associated with investing in designer bags like the Hermès Birkin for Gen Z women. It concludes that while these bags may hold value, they are not a guaranteed investment and can be risky due to fluctuations in the luxury market.",neutral
2025-05-04,Why DexCom Inc. (DXCM) Soared Last Week,DexCom Inc. (DXCM) experienced a significant increase in its stock price last week due to positive news or developments within the company.,bullish
2025-05-04,Why Wayfair Inc. (W) Soared Last Week,Wayfair Inc. experienced a significant increase in its stock price last week. The surge was attributed to strong quarterly earnings results and increased consumer demand for online furniture shopping.,bullish
2025-05-04,"Why Aurora Innovation, Inc. (AUR) Soared Last Week","The article discusses the reasons behind Aurora Innovation, Inc. (AUR) experiencing a significant increase in its stock price last week.",bullish
2025-05-04,Why Hesai Group (HSAI) Soared Last Week,The article discusses the reasons behind the significant increase in Hesai Group's stock price last week.,bullish
