date,headline,summary,sentiment,url
2025-05-05,What is a P/E ratio? How to use it to assess investments,"The article discusses the P/E ratio, explaining it as a measure of share price relative to earnings, and how investors use it to assess value in tech stocks which are growing rapidly. Jessica suggests revisiting the sector after market drop due to potential recovery.",bulgarist,https://finance.yahoo.com/video/p-e-ratio-assess-investments-160044865.html?.tsrc=rss
2025-05-05,"Trump says good parts of US economy are ‘Trump economy,’ bad parts are ‘Biden economy’","The article discusses Trump and Powell regarding their stance on economic policies, claiming to avoid recessionary risks despite concerns.",bullish,https://www.cnn.com/2025/05/04/business/trump-economy-tariffs-powell?.tsrc=rss
2025-05-05,Is Pfizer Inc. (PFE) The Most Profitable Cheap Stock to Buy Now?,"** The article examines how consumer spending stocks rank against Pfizer Inc. (PFE) using stock screens and financial metrics from 2014-2019. It highlights that top Consumer Discretionary stocks outperformed PFE, suggesting other sectors may have potential before examining PFE.",** bullish,https://finance.yahoo.com/news/pfizer-inc-pfe-most-profitable-152058132.html?.tsrc=rss
2025-05-05,Is Wells Fargo & Company (WFC) The Most Profitable Cheap Stock to Buy Now?,"The article highlights that stock markets saw significant gains on May 2 as the S&P 500, Dow Jones Industrial Average, and Nasdaq all reported increases. It emphasizes Wells Fargo & Company (WFC) as one of the top profitable cheap stocks to buy now, citing its performance through multiple segments like Consumer Banking and Lending.","bullish. the article points out positive trends such as employment growth and stable unemployment rates, which boost us-china relations, but also notes the impact of the nasdaq gaining by some. despite this, there's a bullish assessment focused on potential for ai stocks, aligning with existing investment sentiment around improved economic stability.",https://finance.yahoo.com/news/wells-fargo-company-wfc-most-152006737.html?.tsrc=rss
2025-05-05,Is Johnson & Johnson (JNJ) The Most Profitable Cheap Stock to Buy Now?,**,** bearish,https://finance.yahoo.com/news/johnson-johnson-jnj-most-profitable-151926091.html?.tsrc=rss
2025-05-05,Is Citigroup Inc. (C) The Most Profitable Cheap Stock to Buy Now?,"US economic gains, China's role, job data, trade tensions, the stock analysis process, and the final assessment that while C is third in sentiment, it outperforms others based on metrics. The sentiment would be bullish since there are positive indicators (economic data, job increase) which suggest an upward trend but a competitive market where beating hedge fund rankings matters.",bullish,https://finance.yahoo.com/news/citigroup-inc-c-most-profitable-151857397.html?.tsrc=rss
2025-05-05,Is Exxon Mobil Corporation (XOM) The Most Profitable Cheap Stock to Buy Now?,"The article discusses Exxon Mobil's (XOM) position among top 10 profitable cheap stocks, noting robust earnings but mixed performance over recent weeks. It highlights strong job data and reduced economic uncertainty from tariffs as drivers of confidence. Conclusion: Positive outlook with potential for solid returns in the next year.",bullish,https://finance.yahoo.com/news/exxon-mobil-corporation-xom-most-151824954.html?.tsrc=rss
2025-05-05,Is Alibaba Group Holding Limited (BABA) The Most Profitable Cheap Stock to Buy Now?,"Alibaba Group Holding Limited (BABA) stands as one of the most profitable cheap stocks to buy now, with high forward P/E and solid net income, indicating strong growth potential.",bullish,https://finance.yahoo.com/news/alibaba-group-holding-limited-baba-151741806.html?.tsrc=rss
2025-05-05,"The Smartest Growth ETF to Buy With $2,000 Right Now","** This article suggests an investment in the Vanguard S&P 500 Growth ETF (VOOG) with a $2000 initial outlay, focusing on high-growth stocks from THE S&P 500 to expect growth opportunities. The ETF aims for a significant return over time and is recommended even during market downturns due to its defensive nature and high performance when others fall.","** bulbashar, since it aligns with the long-term expectation of growth through diversification despite losses.",https://www.fool.com/investing/2025/05/04/the-smartest-categoryindustry-etf-to-buy-with-2000/?.tsrc=rss
2025-05-05,Is Bank of America Corporation (BAC) The Most Profitable Cheap Stock to Buy Now?,"Now, I need to condense this into clear points for the summary. I should mention BAC's performance, its forward P/E ratio, trailing twelve months (TTM) income, profitability, profitability ranking, hedge fund stakes holding it, future rankings, and which AI stocks are cheaper than BAC by both metrics.",** bulgaric,https://finance.yahoo.com/news/bank-america-corporation-bac-most-150122725.html?.tsrc=rss
2025-05-05,Is JPMorgan Chase & Co. (JPM) The Most Profitable Cheap Stock to Buy Now?,"The article highlights JPMorgan Chase & Co., an American financial services bank, as a strong candidate among ""most profitable cheap stocks"" due to its strong quarterly results and favorable fundamentals. It discusses factors like improved job reports and potential gains from trade openness, concluding that despite cheaper valuations, JPM has strong growth prospects.","positive. the article portrays jpm as a promising investment with attractive fundamentals showing solid performance, suggesting bullish sentiment around the stock's growth potential.",https://finance.yahoo.com/news/jpmorgan-chase-co-jpm-most-150047573.html?.tsrc=rss
2025-05-05,"Warren Buffett sends strong message on trade, tariffs","Warren Buffett posts on his website claiming to advocate for eliminating tariffs to avoid competition from other trade agreements away from the U.S., targeting investors who value stability and growth in the global market. He suggests that losing trade deals in one country could hurt U.S. interests.",bullish,https://www.thestreet.com/economy/warren-buffett-sends-strong-message-on-trade-tariffs?.tsrc=rss
2025-05-05,Warren Buffett Owns Chevron and Occidental. Should You Buy This Energy Giant Instead?,"The article discusses Berkshire Hathaway’s stock portfolio consisting of both its publicly traded energy companies (e.g., Chevron, Occidental) and controlled utilities (e.g., TotalEnergies). It highlights that Berkshire owns significant segments of energy and electricity investments aimed at supporting cleaner energy through integrated power. This suggests a diversified approach to energy exposure.",bullish,https://www.fool.com/investing/2025/05/04/warren-buffett-owns-chevron-and-occidental-should/?.tsrc=rss
2025-05-05,"‘Sell in May, go away': Why Wall Street isn't buying it this year","The article discusses the ""Sell in May"" trend among strategists suggesting investors might miss out on buying stocks during summer after a major market crash and shifting factors. It highlights that while there have been gains in certain months like April, the outlook for next year remains ambiguous.",bearish,https://finance.yahoo.com/news/sell-in-may-go-away-why-wall-street-isnt-buying-it-this-year-130032377.html?.tsrc=rss
2025-05-05,How the stock market made back all its losses after Trump escalated the trade war,"The article highlights that after Trump accelerated U.S. tariffs on nearly all trading partners, investors saw a sharp decline in the stock market within four days when he announced ""90-day PAUSE."" While optimistic for buying stocks during the trade talks, this speculation didn't outweigh conflicting economic intentions led by Trump and the underlying uncertainty about his efforts. Investors weren't clear if the tariffs would result in reductions or increases in important sectors.",neutral,https://finance.yahoo.com/news/stock-market-made-back-losses-124038060.html?.tsrc=rss
2025-05-05,"Buffett's Berkshire departure, Fed decision, and another rush of earnings: What to know this week","Berkshire Hathaway CEO Warren Buffett is set to depart due to becoming his successor, while the Federal Reserve expects another policy decision on its next move and stock market reactions from EMEA countries. The market was mixed with tech stocks rally due to US-China negotiations as earnings season approaches, but expectations for consumer spending were lower afterward.",bulgarish,https://finance.yahoo.com/news/buffetts-berkshire-departure-fed-decision-and-another-rush-of-earnings-what-to-know-this-week-113811136.html?.tsrc=rss
2025-05-05,5 Severe Market Crashes Have Occurred Over the Past 150 Years: Here's 1 Lesson to Learn From Them All,"The summary explains how the market rebound over several major downturns, suggesting investors should invest long-term. This aligns with bullish sentiment, implying safe returns through diversification and active management, reducing volatility.",bullish**,https://www.fool.com/investing/2025/05/04/severe-market-crashes-what-to-learn/?.tsrc=rss
2025-05-05,Gen Z women are being sold a risky dream: the realities behind ‘investing’ in designer bags like the Hermès Birkin,"** The article discusses how Gen Z women are being influenced by popular investments involving luxury bags, claiming they may offer better returns than traditional financial advice, while critics like experts suggest financial advice should be simpler and more accessible.",neutral,https://finance.yahoo.com/news/gen-z-women-being-sold-100700745.html?.tsrc=rss
2025-05-05,Why DexCom Inc. (DXCM) Soared Last Week,"The article highlights DexCom Inc.'s strong performance last week, ranking it among the top 10 mid-cap companies that surged in the market. Despite being an American healthcare company, DexCom reached a 13.9% gain, thanks to robust sales and revenue growth targets set for 2025. The stock demonstrated strength by outperforming not just other notable firms but also AI stocks, which were trading lower for reasons such as slower valuations.",bullish,https://finance.yahoo.com/news/why-dexcom-inc-dxcm-soared-094004975.html?.tsrc=rss
2025-05-05,Why Wayfair Inc. (W) Soared Last Week,"Wayfair Inc. (NYSE:W) gained in the first week of trading due to strong Q1 earnings, a favorable earnings environment amid ongoing tariffs, and regulatory attention. The company ranked 9th among mid-cap firms offering double-digit gains. Sentiment: Bullish - investors are optimistic about future growth driven by data tech trends, despite valuations seen relative to competitors.","next, i should summarize it in three or four lines. the key points are that wayfair is one of several top-performing firms, its main reason is strong earnings and regulatory attention, and the conclusion seems to lean towards bullish sentiment because the article highlights confidence in ai stocks despite lower valuations.",https://finance.yahoo.com/news/why-wayfair-inc-w-soared-093950135.html?.tsrc=rss
